{
  "strong B12": {
    "mean": 2363.7916666666665,
    "block_se": 64.30870372663409,
    "survival": 42.473958333333336,
    "wall_s": 14.88045048713684
  },
  "look D2 S10 B12": {
    "mean": 2644.71875,
    "block_se": 72.16563296146695,
    "survival": 39.880208333333336,
    "wall_s": 226.01720213890076,
    "vs_strongB12": {
      "mean": 280.9270833333333,
      "block_se": 93.00937542192891,
      "ci95": [
        122.96,
        485.72
      ]
    }
  },
  "look D3 S10 B12": {
    "mean": 2578.859375,
    "block_se": 96.59067586614928,
    "survival": 39.0,
    "wall_s": 232.22214221954346,
    "vs_strongB12": {
      "mean": 215.06770833333331,
      "block_se": 93.50161918617731,
      "ci95": [
        39.1,
        401.14
      ]
    }
  },
  "look D3 S20 B12": {
    "mean": 2842.1145833333335,
    "block_se": 109.19843946953189,
    "survival": 42.0,
    "wall_s": 497.64024448394775,
    "vs_strongB12": {
      "mean": 478.3229166666667,
      "block_se": 105.53552666566618,
      "ci95": [
        266.65,
        623.46
      ]
    }
  },
  "look D4 S10 B12": {
    "mean": 2431.390625,
    "block_se": 89.16285224147481,
    "survival": 37.1875,
    "wall_s": 269.5391457080841,
    "vs_strongB12": {
      "mean": 67.59895833333334,
      "block_se": 107.78902877059099,
      "ci95": [
        -122.87,
        263.745
      ]
    }
  },
  "look D3 S10 B20": {
    "mean": 2645.3645833333335,
    "block_se": 73.3420480439749,
    "survival": 38.994791666666664,
    "wall_s": 429.20822381973267,
    "vs_strongB12": {
      "mean": 281.5729166666667,
      "block_se": 98.6797402641471,
      "ci95": [
        70.625,
        461.52
      ]
    }
  }
}