{
  "treat": "vla D2 S6 B12 base=hbeam cand=cem Br3",
  "ctrl": "vla D2 S30 B12 base=heur cand=cem",
  "M": 50,
  "T": 50,
  "treat_mean": 2518.4166666666665,
  "treat_se": 136.13366083049084,
  "ctrl_mean": 2990.2083333333335,
  "ctrl_se": 116.3018656700456,
  "d": -471.7916666666667,
  "d_se": 154.45663083916205,
  "ci": [
    -804.6,
    -134.62
  ],
  "flag": "TREAT WEAKER",
  "treat_per_seed": [
    1638.0,
    3351.0,
    3616.0,
    3346.0,
    3947.0,
    4051.0,
    3305.0,
    2843.0,
    351.0,
    1852.0,
    3009.0,
    3122.0,
    825.0,
    3570.0,
    3487.0,
    1271.0,
    3069.0,
    3598.0,
    2662.0,
    1978.0,
    2504.0,
    3577.0,
    2735.0,
    1437.0,
    1751.0,
    311.0,
    1209.0,
    317.0,
    3237.0,
    2166.0,
    1472.0,
    1928.0,
    3774.0,
    3174.0,
    2429.0,
    1971.0,
    2313.0,
    2774.0,
    2690.0,
    3244.0,
    2425.0,
    2426.0,
    3457.0,
    3446.0,
    953.0,
    3006.0,
    1762.0,
    3505.0,
    3350.0,
    3221.0
  ],
  "ctrl_per_seed": [
    943.0,
    4231.0,
    4416.0,
    3616.0,
    3857.0,
    3731.0,
    3505.0,
    2950.0,
    1918.0,
    3162.0,
    1394.0,
    4592.0,
    3324.0,
    4030.0,
    3032.0,
    2854.0,
    930.0,
    4118.0,
    3244.0,
    3398.0,
    3262.0,
    945.0,
    3732.0,
    2905.0,
    3167.0,
    4104.0,
    1609.0,
    1761.0,
    3760.0,
    2700.0,
    3504.0,
    3685.0,
    3734.0,
    3124.0,
    3239.0,
    3170.0,
    3603.0,
    2934.0,
    2650.0,
    2933.0,
    3712.0,
    1630.0,
    487.0,
    3816.0,
    1163.0,
    3476.0,
    1975.0,
    3505.0,
    2692.0,
    4661.0
  ]
}