{
  "treat": "vla D2 S30 B12 base=hbeam cand=cem Br3 noleaf",
  "ctrl": "vla D2 S30 B12 base=heur cand=cem",
  "M": 50,
  "T": 50,
  "treat_mean": 2951.6458333333335,
  "treat_se": 133.7417026458852,
  "ctrl_mean": 2990.2083333333335,
  "ctrl_se": 116.3018656700456,
  "d": -38.56249999999999,
  "d_se": 187.41705997377338,
  "ci": [
    -458.36,
    325.78
  ],
  "flag": "TIE (CI crosses 0)",
  "treat_per_seed": [
    3099.0,
    4091.0,
    3766.0,
    2715.0,
    3367.0,
    1722.0,
    3845.0,
    2933.0,
    4187.0,
    4147.0,
    3549.0,
    3712.0,
    3744.0,
    190.0,
    3727.0,
    2774.0,
    2819.0,
    963.0,
    339.0,
    3058.0,
    3433.0,
    3787.0,
    3812.0,
    3415.0,
    3127.0,
    3404.0,
    1409.0,
    2690.0,
    4160.0,
    1354.0,
    4694.0,
    1446.0,
    1287.0,
    3384.0,
    2979.0,
    3480.0,
    4083.0,
    2994.0,
    2718.0,
    3214.0,
    3795.0,
    2170.0,
    3427.0,
    3336.0,
    1053.0,
    2927.0,
    3702.0,
    1652.0,
    3230.0,
    3211.0
  ],
  "ctrl_per_seed": [
    943.0,
    4231.0,
    4416.0,
    3616.0,
    3857.0,
    3731.0,
    3505.0,
    2950.0,
    1918.0,
    3162.0,
    1394.0,
    4592.0,
    3324.0,
    4030.0,
    3032.0,
    2854.0,
    930.0,
    4118.0,
    3244.0,
    3398.0,
    3262.0,
    945.0,
    3732.0,
    2905.0,
    3167.0,
    4104.0,
    1609.0,
    1761.0,
    3760.0,
    2700.0,
    3504.0,
    3685.0,
    3734.0,
    3124.0,
    3239.0,
    3170.0,
    3603.0,
    2934.0,
    2650.0,
    2933.0,
    3712.0,
    1630.0,
    487.0,
    3816.0,
    1163.0,
    3476.0,
    1975.0,
    3505.0,
    2692.0,
    4661.0
  ]
}