{
  "treat": "vla D2 S6 B12 base=hbeam cand=cem Br3 noleaf",
  "ctrl": "vla D2 S30 B12 base=heur cand=cem",
  "M": 50,
  "T": 50,
  "treat_mean": 2688.3125,
  "treat_se": 159.92030847787098,
  "ctrl_mean": 2990.2083333333335,
  "ctrl_se": 116.3018656700456,
  "d": -301.8958333333333,
  "d_se": 173.62899921733398,
  "ci": [
    -657.12,
    82.78
  ],
  "flag": "TIE (CI crosses 0)",
  "treat_per_seed": [
    4279.0,
    2698.0,
    3616.0,
    3756.0,
    3947.0,
    4151.0,
    3305.0,
    2035.0,
    351.0,
    1852.0,
    3009.0,
    2116.0,
    3074.0,
    3570.0,
    3267.0,
    3024.0,
    3069.0,
    3798.0,
    3834.0,
    1326.0,
    2504.0,
    3337.0,
    4532.0,
    1437.0,
    3217.0,
    311.0,
    1209.0,
    317.0,
    3237.0,
    3034.0,
    1472.0,
    2755.0,
    1943.0,
    3074.0,
    2699.0,
    3110.0,
    1436.0,
    2774.0,
    2690.0,
    3244.0,
    2425.0,
    2426.0,
    3457.0,
    3096.0,
    953.0,
    3006.0,
    1762.0,
    3505.0,
    3350.0,
    3651.0
  ],
  "ctrl_per_seed": [
    943.0,
    4231.0,
    4416.0,
    3616.0,
    3857.0,
    3731.0,
    3505.0,
    2950.0,
    1918.0,
    3162.0,
    1394.0,
    4592.0,
    3324.0,
    4030.0,
    3032.0,
    2854.0,
    930.0,
    4118.0,
    3244.0,
    3398.0,
    3262.0,
    945.0,
    3732.0,
    2905.0,
    3167.0,
    4104.0,
    1609.0,
    1761.0,
    3760.0,
    2700.0,
    3504.0,
    3685.0,
    3734.0,
    3124.0,
    3239.0,
    3170.0,
    3603.0,
    2934.0,
    2650.0,
    2933.0,
    3712.0,
    1630.0,
    487.0,
    3816.0,
    1163.0,
    3476.0,
    1975.0,
    3505.0,
    2692.0,
    4661.0
  ]
}