{
  "treat": "vla D2 S6 B12 base=beam cand=cem Br3 noleaf",
  "ctrl": "vla D2 S30 B12 base=heur cand=cem",
  "M": 50,
  "T": 50,
  "treat_mean": 2445.3541666666665,
  "treat_se": 156.71109437654516,
  "ctrl_mean": 2990.2083333333335,
  "ctrl_se": 116.3018656700456,
  "d": -544.8541666666666,
  "d_se": 175.25646278766038,
  "ci": [
    -914.48,
    -195.4
  ],
  "flag": "TREAT WEAKER",
  "treat_per_seed": [
    843.0,
    3881.0,
    4306.0,
    3326.0,
    3777.0,
    3911.0,
    2805.0,
    2913.0,
    1391.0,
    4147.0,
    3669.0,
    2414.0,
    3534.0,
    1094.0,
    2322.0,
    1071.0,
    993.0,
    3632.0,
    505.0,
    555.0,
    3913.0,
    3737.0,
    1086.0,
    2755.0,
    2897.0,
    482.0,
    661.0,
    2300.0,
    3000.0,
    1044.0,
    1542.0,
    3755.0,
    1379.0,
    3484.0,
    3419.0,
    2820.0,
    1989.0,
    2072.0,
    2158.0,
    3244.0,
    1670.0,
    2016.0,
    3507.0,
    2778.0,
    1553.0,
    3196.0,
    266.0,
    3565.0,
    2742.0,
    3101.0
  ],
  "ctrl_per_seed": [
    943.0,
    4231.0,
    4416.0,
    3616.0,
    3857.0,
    3731.0,
    3505.0,
    2950.0,
    1918.0,
    3162.0,
    1394.0,
    4592.0,
    3324.0,
    4030.0,
    3032.0,
    2854.0,
    930.0,
    4118.0,
    3244.0,
    3398.0,
    3262.0,
    945.0,
    3732.0,
    2905.0,
    3167.0,
    4104.0,
    1609.0,
    1761.0,
    3760.0,
    2700.0,
    3504.0,
    3685.0,
    3734.0,
    3124.0,
    3239.0,
    3170.0,
    3603.0,
    2934.0,
    2650.0,
    2933.0,
    3712.0,
    1630.0,
    487.0,
    3816.0,
    1163.0,
    3476.0,
    1975.0,
    3505.0,
    2692.0,
    4661.0
  ]
}