{
  "treat": "vla D2 S30 B12 base=beam cand=cem Br3",
  "ctrl": "vla D2 S30 B12 base=heur cand=cem",
  "M": 50,
  "T": 50,
  "treat_mean": 2699.4375,
  "treat_se": 149.36580041018735,
  "ctrl_mean": 2990.2083333333335,
  "ctrl_se": 116.3018656700456,
  "d": -290.7708333333333,
  "d_se": 176.75504005268922,
  "ci": [
    -677.2,
    94.16
  ],
  "flag": "TIE (CI crosses 0)",
  "treat_per_seed": [
    2229.0,
    2377.0,
    3756.0,
    3867.0,
    3917.0,
    1262.0,
    3365.0,
    3173.0,
    3607.0,
    1562.0,
    2939.0,
    1307.0,
    2798.0,
    260.0,
    4260.0,
    2654.0,
    1484.0,
    3678.0,
    435.0,
    1576.0,
    2192.0,
    3857.0,
    3352.0,
    3515.0,
    1741.0,
    3594.0,
    1771.0,
    3190.0,
    2260.0,
    2060.0,
    3197.0,
    2965.0,
    3884.0,
    3434.0,
    3079.0,
    2600.0,
    2173.0,
    3086.0,
    3229.0,
    3694.0,
    1970.0,
    1961.0,
    776.0,
    1862.0,
    3432.0,
    3396.0,
    3472.0,
    3325.0,
    3540.0,
    3191.0
  ],
  "ctrl_per_seed": [
    943.0,
    4231.0,
    4416.0,
    3616.0,
    3857.0,
    3731.0,
    3505.0,
    2950.0,
    1918.0,
    3162.0,
    1394.0,
    4592.0,
    3324.0,
    4030.0,
    3032.0,
    2854.0,
    930.0,
    4118.0,
    3244.0,
    3398.0,
    3262.0,
    945.0,
    3732.0,
    2905.0,
    3167.0,
    4104.0,
    1609.0,
    1761.0,
    3760.0,
    2700.0,
    3504.0,
    3685.0,
    3734.0,
    3124.0,
    3239.0,
    3170.0,
    3603.0,
    2934.0,
    2650.0,
    2933.0,
    3712.0,
    1630.0,
    487.0,
    3816.0,
    1163.0,
    3476.0,
    1975.0,
    3505.0,
    2692.0,
    4661.0
  ]
}