{
  "vla D3 S20 B12 base=heur cand=cem": {
    "mean": 2515.8541666666665,
    "se": 161.74395909708082,
    "surv": 37.6875
  }
}