{
  "N": 120,
  "D": 3,
  "Ts": [
    40,
    60
  ],
  "T40": {
    "means": {
      "strong": 1967.2166666666667,
      "blind": 2117.4166666666665,
      "seer": 3724.3083333333334,
      "anti": 1617.3
    },
    "medians": {
      "strong": 2077.5,
      "blind": 2333.0,
      "seer": 3704.0,
      "anti": 1749.0
    },
    "surv": {
      "strong": 0.7083333333333334,
      "blind": 0.5583333333333333,
      "seer": 1.0,
      "anti": 0.3333333333333333
    },
    "cohort_n": 54,
    "raw_gap_seer_strong": {
      "mean": 1441.851851851852,
      "mean_ci": [
        1321.111111111111,
        1571.111111111111
      ],
      "median": 1400.0,
      "median_ci": [
        1290.0,
        1565.0
      ],
      "iqr": [
        1110.0,
        1760.0
      ]
    },
    "EVPI_vs_marginalizer": {
      "mean": 942.9629629629629,
      "mean_ci": [
        815.7407407407408,
        1081.6666666666667
      ],
      "median": 870.0,
      "median_ci": [
        785.0,
        1000.0
      ],
      "iqr": [
        642.5,
        1220.0
      ]
    },
    "procedure_cost": {
      "mean": 498.8888888888889,
      "mean_ci": [
        381.6666666666667,
        623.8888888888889
      ],
      "median": 425.0,
      "median_ci": [
        305.0,
        655.0
      ],
      "iqr": [
        195.0,
        817.5
      ]
    },
    "EVPI_clean_diag": {
      "mean": 1022.0,
      "mean_ci": [
        828.5,
        1215.0
      ],
      "median": 1090.0,
      "median_ci": [
        740.0,
        1255.0
      ],
      "iqr": [
        682.5,
        1275.0
      ]
    },
    "single_draw_bias_diag": {
      "mean": -270.0,
      "mean_ci": [
        -473.0,
        -108.5
      ],
      "median": -240.0,
      "median_ci": [
        -335.0,
        -15.0
      ],
      "iqr": [
        -365.0,
        12.5
      ]
    },
    "evpi_share_per_seed_median": 0.6899038461538461,
    "per_round": {
      "strong": 54.18331971170455,
      "blind": 63.340014037995026,
      "seer": 93.10770833333332,
      "anti": 55.44809646039571
    }
  },
  "T60": {
    "means": {
      "strong": 2728.5333333333333,
      "blind": 2773.5,
      "seer": 5768.441666666667,
      "anti": 1967.0666666666666
    },
    "medians": {
      "strong": 3091.5,
      "blind": 2898.0,
      "seer": 5802.0,
      "anti": 1749.0
    },
    "surv": {
      "strong": 0.6083333333333333,
      "blind": 0.4083333333333333,
      "seer": 1.0,
      "anti": 0.19166666666666668
    },
    "cohort_n": 34,
    "raw_gap_seer_strong": {
      "mean": 2281.176470588235,
      "mean_ci": [
        2078.529411764706,
        2502.6470588235293
      ],
      "median": 2240.0,
      "median_ci": [
        2050.0,
        2350.0
      ],
      "iqr": [
        1842.5,
        2425.0
      ]
    },
    "EVPI_vs_marginalizer": {
      "mean": 1426.764705882353,
      "mean_ci": [
        1221.4705882352941,
        1662.0588235294117
      ],
      "median": 1295.0,
      "median_ci": [
        1125.0,
        1600.0
      ],
      "iqr": [
        1072.5,
        1697.5
      ]
    },
    "procedure_cost": {
      "mean": 854.4117647058823,
      "mean_ci": [
        680.5882352941177,
        1019.7058823529412
      ],
      "median": 870.0,
      "median_ci": [
        600.0,
        1075.0
      ],
      "iqr": [
        545.0,
        1157.5
      ]
    },
    "EVPI_clean_diag": {
      "mean": 1641.4285714285713,
      "mean_ci": [
        1435.7142857142858,
        1885.7142857142858
      ],
      "median": 1580.0,
      "median_ci": [
        1410.0,
        1830.0
      ],
      "iqr": [
        1460.0,
        1740.0
      ]
    },
    "single_draw_bias_diag": {
      "mean": -321.42857142857144,
      "mean_ci": [
        -710.0,
        45.714285714285715
      ],
      "median": -340.0,
      "median_ci": [
        -480.0,
        280.0
      ],
      "iqr": [
        -440.0,
        -10.0
      ]
    },
    "evpi_share_per_seed_median": 0.574308878661343,
    "per_round": {
      "strong": 54.78871489118326,
      "blind": 63.82875923502696,
      "seer": 96.14069444444445,
      "anti": 56.18165286704184
    }
  }
}