{
  "empirical": {
    "N": 120,
    "T": 50,
    "B": 12,
    "p_maintain": 0.44221829372094545,
    "Lbar": 1.0284275984601718,
    "combo_bonus_total": 149800.0,
    "score_total": 281051.0,
    "combo_share": 0.5329993488726246,
    "p_by_level": {
      "0": 0.5186872226115393,
      "1": 0.3967428183668853,
      "2": 0.26124567474048443,
      "3": 0.2,
      "4": 0.15555555555555556
    },
    "streak_n": 4441,
    "streak_mean": 1.5208286421977033,
    "streak_max": 6,
    "streak_dist": {
      "1": 2687,
      "2": 1301,
      "3": 363,
      "4": 76,
      "5": 12,
      "6": 2
    },
    "gamble_value_const_vs_emp": {
      "1": {
        "G_const": 71.06866801993641,
        "G_emp": 34.110184142454735
      },
      "2": {
        "G_const": 110.70947093107623,
        "G_emp": 35.97555535563992
      },
      "3": {
        "G_const": 150.35027384221604,
        "G_emp": 37.70775601592912
      },
      "4": {
        "G_const": 189.99107675335583,
        "G_emp": 38.53878098295973
      },
      "5": {
        "G_const": 229.6318796644956,
        "G_emp": 47.7493072868635
      }
    }
  },
  "calculator": {
    "Lbar": 1.0284275984601718,
    "schemes": {
      "assumed_additive": {
        "u": 50.0,
        "rows": {
          "0.3": {
            "G": {
              "1": 30.612244897959187,
              "3": 73.46938775510205,
              "5": 116.32653061224491
            },
            "dG": {
              "1": 92.85714285714288,
              "3": 235.71428571428572,
              "5": 378.5714285714286
            }
          },
          "0.5": {
            "G": {
              "1": 100.0,
              "3": 200.0,
              "5": 300.0
            },
            "dG": {
              "1": 150.0,
              "3": 350.0,
              "5": 550.0
            }
          },
          "0.7": {
            "G": {
              "1": 388.8888888888888,
              "3": 622.2222222222221,
              "5": 855.5555555555553
            },
            "dG": {
              "1": 283.3333333333333,
              "3": 616.6666666666665,
              "5": 949.9999999999995
            }
          },
          "0.8": {
            "G": {
              "1": 1000.0000000000005,
              "3": 1400.0000000000007,
              "5": 1800.0000000000005
            },
            "dG": {
              "1": 450.0,
              "3": 950.0,
              "5": 1450.0
            }
          },
          "0.9": {
            "G": {
              "1": 4500.000000000002,
              "3": 5400.000000000002,
              "5": 6300.000000000003
            },
            "dG": {
              "1": 950.0,
              "3": 1950.000000000001,
              "5": 2950.000000000001
            }
          }
        },
        "breakeven_p_C3": {
          "20": 0.0,
          "50": 0.0,
          "100": 0.0,
          "200": 0.19999999999999996
        },
        "at_empirical_p": {
          "p": 0.44221829372094545,
          "dG": {
            "1": 129.28160582227963,
            "3": 308.56321164455926,
            "5": 487.8448174668388
          }
        }
      },
      "real_approx_mult": {
        "u": 5.0,
        "rows": {
          "0.3": {
            "G": {
              "1": 3.061224489795918,
              "3": 7.346938775510204,
              "5": 11.63265306122449
            },
            "dG": {
              "1": 9.285714285714285,
              "3": 23.571428571428573,
              "5": 37.85714285714286
            }
          },
          "0.5": {
            "G": {
              "1": 10.0,
              "3": 20.0,
              "5": 30.0
            },
            "dG": {
              "1": 15.0,
              "3": 35.0,
              "5": 55.0
            }
          },
          "0.7": {
            "G": {
              "1": 38.88888888888888,
              "3": 62.22222222222221,
              "5": 85.55555555555553
            },
            "dG": {
              "1": 28.33333333333333,
              "3": 61.66666666666666,
              "5": 94.99999999999997
            }
          },
          "0.8": {
            "G": {
              "1": 100.00000000000004,
              "3": 140.00000000000006,
              "5": 180.00000000000003
            },
            "dG": {
              "1": 45.000000000000014,
              "3": 95.0,
              "5": 145.0
            }
          },
          "0.9": {
            "G": {
              "1": 450.00000000000017,
              "3": 540.0000000000001,
              "5": 630.0000000000002
            },
            "dG": {
              "1": 95.0,
              "3": 195.00000000000006,
              "5": 295.00000000000006
            }
          }
        },
        "breakeven_p_C3": {
          "20": 0.1999999999999999,
          "50": 0.6363636363636362,
          "100": 0.8095238095238095,
          "200": 0.9024390243902438
        },
        "at_empirical_p": {
          "p": 0.44221829372094545,
          "dG": {
            "1": 12.92816058222796,
            "3": 30.85632116445592,
            "5": 48.78448174668388
          }
        }
      }
    }
  }
}