{
  "Lbar": 2.0,
  "schemes": {
    "assumed_additive": {
      "u": 50.0,
      "rows": {
        "0.3": {
          "G": {
            "1": 30.612244897959187,
            "3": 73.46938775510205,
            "5": 116.32653061224491
          },
          "dG": {
            "1": 92.85714285714288,
            "3": 235.71428571428572,
            "5": 378.5714285714286
          }
        },
        "0.5": {
          "G": {
            "1": 100.0,
            "3": 200.0,
            "5": 300.0
          },
          "dG": {
            "1": 150.0,
            "3": 350.0,
            "5": 550.0
          }
        },
        "0.7": {
          "G": {
            "1": 388.8888888888888,
            "3": 622.2222222222221,
            "5": 855.5555555555553
          },
          "dG": {
            "1": 283.3333333333333,
            "3": 616.6666666666665,
            "5": 949.9999999999995
          }
        },
        "0.8": {
          "G": {
            "1": 1000.0000000000005,
            "3": 1400.0000000000007,
            "5": 1800.0000000000005
          },
          "dG": {
            "1": 450.0,
            "3": 950.0,
            "5": 1450.0
          }
        },
        "0.9": {
          "G": {
            "1": 4500.000000000002,
            "3": 5400.000000000002,
            "5": 6300.000000000003
          },
          "dG": {
            "1": 950.0,
            "3": 1950.000000000001,
            "5": 2950.000000000001
          }
        }
      },
      "breakeven_p_C3": {
        "20": 0.0,
        "50": 0.0,
        "100": 0.0,
        "200": 0.19999999999999996
      }
    },
    "real_approx_mult": {
      "u": 10.0,
      "rows": {
        "0.3": {
          "G": {
            "1": 6.122448979591836,
            "3": 14.693877551020408,
            "5": 23.26530612244898
          },
          "dG": {
            "1": 18.57142857142857,
            "3": 47.142857142857146,
            "5": 75.71428571428572
          }
        },
        "0.5": {
          "G": {
            "1": 20.0,
            "3": 40.0,
            "5": 60.0
          },
          "dG": {
            "1": 30.0,
            "3": 70.0,
            "5": 110.0
          }
        },
        "0.7": {
          "G": {
            "1": 77.77777777777776,
            "3": 124.44444444444441,
            "5": 171.11111111111106
          },
          "dG": {
            "1": 56.66666666666666,
            "3": 123.33333333333331,
            "5": 189.99999999999994
          }
        },
        "0.8": {
          "G": {
            "1": 200.00000000000009,
            "3": 280.0000000000001,
            "5": 360.00000000000006
          },
          "dG": {
            "1": 90.00000000000003,
            "3": 190.0,
            "5": 290.0
          }
        },
        "0.9": {
          "G": {
            "1": 900.0000000000003,
            "3": 1080.0000000000002,
            "5": 1260.0000000000005
          },
          "dG": {
            "1": 190.0,
            "3": 390.0000000000001,
            "5": 590.0000000000001
          }
        }
      },
      "breakeven_p_C3": {
        "20": 0.0,
        "50": 0.33333333333333326,
        "100": 0.6363636363636362,
        "200": 0.8095238095238095
      }
    }
  }
}