{
  "uniform": {
    "variant": "uniform",
    "surv": 83.11458333333333,
    "surv_se": 5.322465462502978,
    "total": 5813.729166666667,
    "total_se": 369.19230312132424,
    "survs": [
      140,
      220,
      23,
      65,
      29,
      118,
      19,
      52,
      57,
      53,
      9,
      118,
      210,
      101,
      77,
      37,
      50,
      61,
      19,
      145,
      17,
      62,
      21,
      64,
      57,
      14,
      51,
      294,
      261,
      26,
      30,
      72,
      145,
      349,
      25,
      48,
      86,
      34,
      161,
      12,
      115,
      159,
      7,
      23,
      106,
      22,
      95,
      69,
      18,
      168,
      105,
      58,
      45,
      104,
      196,
      79,
      86,
      20,
      34,
      185,
      87,
      20,
      110,
      149,
      14,
      268,
      130,
      33,
      86,
      79,
      27,
      62,
      48,
      58,
      137,
      81,
      22,
      36,
      59,
      143,
      26,
      17,
      9,
      169,
      234,
      180,
      25,
      18,
      37,
      38,
      18,
      61,
      69,
      146,
      98,
      59,
      76,
      59,
      21,
      208
    ],
    "totals": [
      9379.0,
      16371.0,
      1385.0,
      5718.0,
      2297.0,
      8459.0,
      1087.0,
      3830.0,
      4025.0,
      3408.0,
      548.0,
      9467.0,
      15746.0,
      6515.0,
      6011.0,
      2282.0,
      3628.0,
      4494.0,
      1179.0,
      10569.0,
      963.0,
      4274.0,
      1182.0,
      4673.0,
      3954.0,
      655.0,
      3482.0,
      19721.0,
      19804.0,
      2251.0,
      2387.0,
      4992.0,
      10341.0,
      24181.0,
      1384.0,
      3647.0,
      5427.0,
      2231.0,
      11550.0,
      422.0,
      8011.0,
      11445.0,
      551.0,
      1054.0,
      7559.0,
      1347.0,
      6631.0,
      5517.0,
      944.0,
      12234.0,
      7010.0,
      3254.0,
      2941.0,
      6172.0,
      13067.0,
      5196.0,
      6257.0,
      1175.0,
      2094.0,
      13212.0,
      6949.0,
      1109.0,
      7737.0,
      9773.0,
      735.0,
      17677.0,
      10167.0,
      2138.0,
      6684.0,
      5626.0,
      1598.0,
      4330.0,
      3207.0,
      4256.0,
      10507.0,
      5817.0,
      1390.0,
      2257.0,
      3846.0,
      10267.0,
      1697.0,
      931.0,
      398.0,
      12357.0,
      16272.0,
      12871.0,
      1295.0,
      1011.0,
      2428.0,
      2492.0,
      1094.0,
      4162.0,
      4919.0,
      9818.0,
      6753.0,
      3960.0,
      5118.0,
      4515.0,
      1311.0,
      15419.0
    ],
    "censored": 0
  },
  "no9": {
    "variant": "no9",
    "surv": 225.76041666666666,
    "surv_se": 17.790134391147603,
    "total": 14775.302083333334,
    "total_se": 1170.1930583457743,
    "survs": [
      199,
      305,
      500,
      249,
      236,
      119,
      390,
      122,
      142,
      500,
      147,
      85,
      74,
      500,
      175,
      107,
      188,
      230,
      23,
      89,
      216,
      53,
      16,
      104,
      341,
      136,
      162,
      308,
      130,
      500,
      122,
      80,
      500,
      39,
      65,
      193,
      500,
      61,
      282,
      500,
      411,
      500,
      309,
      309,
      110,
      223,
      500,
      330,
      201,
      500,
      123,
      10,
      500,
      230,
      441,
      7,
      500,
      206,
      59,
      34,
      75,
      15,
      500,
      149,
      103,
      355,
      500,
      233,
      108,
      244,
      236,
      500,
      187,
      426,
      247,
      255,
      254,
      135,
      22,
      325,
      159,
      19,
      359,
      226,
      126,
      52,
      68,
      196,
      133,
      254,
      44,
      31,
      232,
      39,
      272,
      403,
      54,
      218,
      329,
      500
    ],
    "totals": [
      12643.0,
      19651.0,
      33609.0,
      17238.0,
      15707.0,
      8336.0,
      25744.0,
      8433.0,
      9284.0,
      32675.0,
      9731.0,
      5904.0,
      4711.0,
      32601.0,
      10847.0,
      6566.0,
      11980.0,
      15118.0,
      1122.0,
      5272.0,
      16323.0,
      2867.0,
      671.0,
      6658.0,
      22526.0,
      9370.0,
      10113.0,
      19053.0,
      8343.0,
      31357.0,
      8407.0,
      5476.0,
      31567.0,
      2348.0,
      3986.0,
      12774.0,
      32628.0,
      3775.0,
      18952.0,
      33020.0,
      25553.0,
      34393.0,
      20560.0,
      20845.0,
      7009.0,
      14873.0,
      33008.0,
      22369.0,
      12716.0,
      33123.0,
      8153.0,
      514.0,
      32458.0,
      14656.0,
      30520.0,
      415.0,
      32774.0,
      13819.0,
      3568.0,
      1620.0,
      4486.0,
      731.0,
      32688.0,
      10085.0,
      6498.0,
      21778.0,
      33059.0,
      14430.0,
      7858.0,
      15202.0,
      14395.0,
      32481.0,
      11621.0,
      28773.0,
      15687.0,
      17595.0,
      16642.0,
      8668.0,
      1358.0,
      20701.0,
      9867.0,
      1097.0,
      24523.0,
      14412.0,
      7846.0,
      3240.0,
      4494.0,
      12696.0,
      8573.0,
      17246.0,
      3196.0,
      2100.0,
      16110.0,
      2069.0,
      18086.0,
      27806.0,
      3272.0,
      15136.0,
      22654.0,
      33299.0
    ],
    "censored": 16
  },
  "no_hard": {
    "variant": "no_hard",
    "surv": 326.2291666666667,
    "surv_se": 20.07656568199186,
    "total": 19808.395833333332,
    "total_se": 1237.0648238646538,
    "survs": [
      500,
      451,
      35,
      446,
      129,
      265,
      222,
      500,
      440,
      500,
      500,
      119,
      500,
      121,
      500,
      500,
      500,
      500,
      500,
      500,
      90,
      457,
      29,
      500,
      64,
      255,
      500,
      455,
      324,
      459,
      324,
      74,
      117,
      500,
      156,
      306,
      196,
      259,
      500,
      110,
      500,
      325,
      91,
      116,
      75,
      164,
      162,
      131,
      500,
      500,
      500,
      101,
      500,
      150,
      500,
      172,
      190,
      198,
      500,
      185,
      500,
      14,
      270,
      500,
      500,
      127,
      133,
      377,
      500,
      500,
      302,
      500,
      402,
      500,
      279,
      190,
      34,
      119,
      500,
      307,
      500,
      500,
      500,
      500,
      426,
      500,
      138,
      370,
      37,
      407,
      110,
      27,
      414,
      500,
      500,
      372,
      315,
      141,
      19,
      316
    ],