{
  "gamma": 0.95,
  "L": 234,
  "M": 200,
  "sweeps": 21,
  "reachable": 41503,
  "V_star_empty": 3.9136547723559207,
  "mean_online": 4.185786499244515,
  "assert_online_eq_Vstar": true,
  "online_se": 0.2161925452896386,
  "discounted_VOI": {
    "mean": 12.605600526504567,
    "ci": [
      11.965822770188154,
      13.253931699473185
    ],
    "median": 14.113135264621457
  },
  "heuristic_gap": {
    "mean": 0.8240760910784867,
    "ci": [
      0.3710589903927197,
      1.2723836145124938
    ]
  },
  "greedy_optimality_ratio": 0.8589695830893036,
  "means": {
    "online_opt": 4.185786499244515,
    "offline_opt": 16.79138702574908,
    "greedy": 3.3617104081660285
  },
  "block_stats": {
    "V_star_converged": 3.91573497321931,
    "online_block_mean": 3.914823780153145,
    "online_block_se": 0.029625468639866627,
    "nblocks": 16,
    "per": 1000,
    "gap": -0.0009111930661651613
  },
  "V_star_sensitivity": {
    "0.9": {
      "V_star_empty": 3.0212707986653013,
      "sweeps": 18
    },
    "0.95": {
      "V_star_empty": 3.9136547723559207,
      "sweeps": 21
    },
    "0.99": {
      "V_star_empty": 4.969677565497673,
      "sweeps": 26
    }
  }
}