{
  "M": 200,
  "T": 500,
  "config": "D2 S30 B12 base=heur cand=cem",
  "surv_mean": 84.97395833333333,
  "surv_se": 4.889696027615301,
  "surv_min": 9,
  "surv_max": 500,
  "surv_pctl": {
    "10": 20.9,
    "25": 35.75,
    "50": 64.0,
    "75": 109.5,
    "90": 186.2
  },
  "censored_at_T": 1,
  "censored_frac": 0.005,
  "total_mean": 5954.484375,
  "total_se": 342.7008850270265,
  "total_pctl": {
    "10": 1374.8999999999996,
    "25": 2456.25,
    "50": 4301.5,
    "75": 8111.5,
    "90": 13513.4
  },
  "survs": [
    19,
    61,
    73,
    56,
    253,
    62,
    149,
    43,
    25,
    47,
    26,
    102,
    220,
    54,
    47,
    112,
    17,
    117,
    141,
    227,
    40,
    14,
    148,
    139,
    166,
    97,
    24,
    30,
    53,
    38,
    131,
    72,
    120,
    186,
    71,
    51,
    214,
    60,
    37,
    47,
    44,
    30,
    10,
    107,
    21,
    155,
    29,
    73,
    44,
    138,
    109,
    55,
    27,
    41,
    226,
    111,
    195,
    67,
    48,
    21,
    24,
    68,
    45,
    43,
    101,
    70,
    61,
    80,
    76,
    18,
    112,
    38,
    361,
    192,
    59,
    150,
    87,
    24,
    97,
    29,
    183,
    13,
    54,
    14,
    138,
    190,
    25,
    203,
    11,
    48,
    23,
    500,
    31,
    9,
    41,
    103,
    123,
    70,
    49,
    94,
    36,
    27,
    27,
    159,
    35,
    52,
    65,
    18,
    227,
    35,
    14,
    208,
    55,
    57,
    137,
    73,
    25,
    95,
    118,
    68,
    318,
    188,
    60,
    53,
    183,
    90,
    132,
    219,
    83,
    47,
    59,
    11,
    68,
    104,
    109,
    55,
    180,
    58,
    67,
    100,
    144,
    227,
    26,
    64,
    75,
    18,
    89,
    64,
    78,
    71,
    105,
    35,
    45,
    275,
    16,
    120,
    148,
    107,
    33,
    95,
    59,
    28,
    73,
    12,
    43,
    87,
    18,
    58,
    70,
    71,
    127,
    45,
    14,
    74,
    18,
    111,
    29,
    64,
    29,
    49,
    28,
    109,
    25,
    108,
    287,
    35,
    11,
    37,
    64,
    61,
    95,
    29,
    287,
    91,
    42,
    118,
    20,
    65,
    62,
    71
  ],
  "totals": [
    943.0,
    4953.0,
    5848.0,
    4132.0,
    17512.0,
    4620.0,
    10506.0,
    2950.0,
    1918.0,
    3162.0,
    1394.0,
    8541.0,
    15961.0,
    4168.0,
    3032.0,
    7764.0,
    930.0,
    9400.0,
    9950.0,
    16112.0,
    3262.0,
    945.0,
    10363.0,
    8465.0,
    11792.0,
    7464.0,
    1609.0,
    1761.0,
    3960.0,
    2700.0,
    8860.0,
    5007.0,
    8497.0,
    12406.0,
    4750.0,
    3192.0,
    14983.0,
    4036.0,
    2650.0,
    2933.0,
    3712.0,
    1630.0,
    487.0,
    8522.0,
    1163.0,
    10167.0,
    1975.0,
    5204.0,
    2692.0,
    10447.0,
    7610.0,
    3581.0,
    1869.0,
    3667.0,
    15222.0,
    8584.0,
    13981.0,
    3953.0,
    2633.0,
    1513.0,
    1203.0,
    4203.0,
    2882.0,
    2967.0,
    7263.0,
    4844.0,
    4247.0,
    4864.0,
    5650.0,
    854.0,
    7163.0,
    2779.0,
    26473.0,
    12536.0,
    4668.0,
    10700.0,
    5383.0,
    1454.0,
    6257.0,
    1525.0,
    13803.0,
    588.0,
    4118.0,
    608.0,
    9469.0,
    13500.0,
    1688.0,
    14256.0,
    491.0,
    3047.0,
    1729.0,
    34531.0,
    1887.0,
    325.0,
    2110.0,
    7898.0,
    9852.0,
    4276.0,
    3469.0,
    5891.0,
    2306.0,
    1544.0,
    2077.0,
    11579.0,
    2792.0,
    3758.0,
    4373.0,
    1169.0,
    15543.0,
    2617.0,
    514.0,
    13836.0,
    3212.0,
    3992.0,
    9866.0,
    5461.0,
    1800.0,
    6839.0,
    8433.0,
    4363.0,
    22725.0,
    13715.0,
    3422.0,
    3527.0,
    12748.0,
    6369.0,
    9725.0,
    16815.0,
    5363.0,
    3536.0,
    4393.0,
    774.0,
    4293.0,
    7218.0,
    7323.0,
    3776.0,
    13634.0,
    3902.0,
    4673.0,
    7191.0,
    9591.0,
    15010.0,
    1727.0,
    4611.0,
    6585.0,
    1672.0,
    6357.0,
    4509.0,
    5175.0,
    4136.0,
    6384.0,
    2041.0,
    3382.0,
    20232.0,
    927.0,
    8435.0,
    11562.0,
    8290.0,
    2583.0,
    6962.0,
    3861.0,
    2117.0,
    5119.0,
    835.0,
    2502.0,
    6597.0,
    1522.0,
    4237.0,
    6321.0,
    4491.0,
    9617.0,
    3422.0,
    785.0,
    4951.0,
    955.0,
    8131.0,
    1794.0,
    4300.0,
    1407.0,
    3496.0,
    1750.0,
    7575.0,
    1639.0,
    7822.0,
    20551.0,
    2319.0,
    337.0,
    2802.0,
    4852.0,
    4116.0,
    6191.0,
    1986.0,
    21264.0,
    6415.0,
    2252.0,
    8105.0,
    1199.0,
    4303.0,
    3696.0,
    4969.0
  ],
  "secs": 106.32863807678223
}