{
  "strong B12": {
    "mean": 2363.7916666666665,
    "se": 64.30870372663409
  },
  "vla D0 (pure V)": {
    "mean": 2290.1614583333335,
    "se": 78.94550374688198,
    "survival": 35.046875,
    "vs_strong": -73.63020833333334,
    "vs_strong_se": 113.71354828254356,
    "wall_s": 15.384448051452637
  },
  "vla D1 S10": {
    "mean": 2541.421875,
    "se": 106.08554224067062,
    "survival": 36.5,
    "vs_strong": 177.63020833333334,
    "vs_strong_se": 116.36870531588488,
    "wall_s": 125.74296188354492
  },
  "vla D2 S10": {
    "mean": 2704.3958333333335,
    "se": 90.33209898833798,
    "survival": 39.348958333333336,
    "vs_strong": 340.6041666666667,
    "vs_strong_se": 99.07185520728358,
    "wall_s": 226.42341709136963
  },
  "vla D2 S20": {
    "mean": 2890.28125,
    "se": 94.83332139566173,
    "survival": 41.0625,
    "vs_strong": 526.4895833333334,
    "vs_strong_se": 99.12303629219963,
    "wall_s": 446.44696259498596
  },
  "vla D3 S10": {
    "mean": 2376.9791666666665,
    "se": 103.62476195634545,
    "survival": 36.515625,
    "vs_strong": 13.187500000000002,
    "vs_strong_se": 125.31638998303306,
    "wall_s": 276.10792660713196
  }
}