{
  "strong B12": {
    "mean": 2363.1041666666665,
    "se": 61.07625897486867
  },
  "vla D2 S30": {
    "mean": 2952.2013888888887,
    "se": 74.16613206822865,
    "survival": 41.34722222222222,
    "vs_strong": 589.0972222222222,
    "vs_strong_se": 94.43746209211245,
    "wall_s": 500.74840092658997
  },
  "vla D2 S40": {
    "mean": 2932.7430555555557,
    "se": 92.73583256674146,
    "survival": 41.38194444444444,
    "vs_strong": 569.6388888888889,
    "vs_strong_se": 80.52725588475754,
    "wall_s": 659.2740890979767
  },
  "vla D2 S20 B20": {
    "mean": 2908.9305555555557,
    "se": 131.04718422504453,
    "survival": 39.93055555555556,
    "vs_strong": 545.8263888888889,
    "vs_strong_se": 126.93708422165071,
    "wall_s": 579.8269946575165
  }
}