{
  "Ts": [
    20,
    30,
    40,
    50,
    60,
    80,
    100,
    120
  ],
  "curves": {
    "strong": [
      0.9083333333333333,
      0.8333333333333334,
      0.7083333333333334,
      0.6416666666666667,
      0.6083333333333333,
      0.5416666666666666,
      0.4666666666666667,
      0.375
    ],
    "blind": [
      0.8083333333333333,
      0.7083333333333334,
      0.5583333333333333,
      0.44166666666666665,
      0.4083333333333333,
      0.275,
      0.20833333333333334,
      0.2
    ],
    "seer": [
      1.0,
      1.0,
      1.0,
      1.0,
      1.0,
      1.0,
      0.9916666666666667,
      0.9916666666666667
    ]
  },
  "rounds": {
    "strong": [
      120,
      119,
      16,
      32,
      42,
      12,
      21,
      115,
      120,
      76,
      26,
      120,
      29,
      120,
      113,
      26,
      42,
      30,
      120,
      114,
      120,
      7,
      120,
      87,
      37,
      120,
      38,
      120,
      17,
      120,
      74,
      27,
      67,
      120,
      37,
      36,
      38,
      120,
      120,
      97,
      54,
      120,
      120,
      120,
      16,
      67,
      104,
      89,
      120,
      35,
      56,
      120,
      120,
      66,
      32,
      119,
      107,
      120,
      120,
      14,
      101,
      120,
      96,
      42,
      120,
      48,
      34,
      120,
      47,
      76,
      120,
      120,
      118,
      16,
      120,
      120,
      33,
      85,
      42,
      67,
      120,
      120,
      81,
      120,
      20,
      111,
      120,
      25,
      120,
      81,
      36,
      120,
      60,
      111,
      120,
      120,
      33,
      18,
      89,
      57,
      47,
      26,
      120,
      97,
      30,
      43,
      11,
      57,
      120,
      120,
      26,
      10,
      120,
      120,
      120,
      120,
      30,
      120,
      120,
      14
    ],
    "blind": [
      20,
      120,
      16,
      33,
      19,
      12,
      120,
      25,
      71,
      19,
      35,
      56,
      18,
      120,
      53,
      73,
      12,
      36,
      91,
      64,
      34,
      44,
      120,
      33,
      37,
      91,
      120,
      100,
      10,
      120,
      44,
      120,
      44,
      89,
      91,
      39,
      40,
      120,
      49,
      10,
      89,
      6,
      120,
      50,
      37,
      16,
      74,
      40,
      43,
      27,
      71,
      120,
      5,
      120,
      32,
      58,
      79,
      78,
      15,
      10,
      71,
      120,
      120,
      81,
      85,
      73,
      120,
      32,
      31,
      28,
      31,
      32,
      9,
      10,
      45,
      14,
      44,
      28,
      10,
      17,
      46,
      45,
      32,
      65,
      7,
      9,
      46,
      22,
      120,
      88,
      30,
      25,
      30,
      68,
      63,
      61,
      47,
      20,
      46,
      72,
      76,
      63,
      120,
      120,
      30,
      13,
      29,
      29,
      120,
      120,
      24,
      9,
      120,
      25,
      31,
      120,
      120,
      120,
      17,
      120
    ],
    "seer": [
      120,
      120,
      120,
      120,
      120,
      120,
      120,
      120,
      120,
      120,
      120,
      120,
      120,
      120,
      120,
      120,
      120,
      120,
      120,
      120,
      120,
      120,
      120,
      120,
      120,
      120,
      120,
      120,
      120,
      120,
      120,
      120,
      120,
      120,
      120,
      120,
      120,
      120,
      120,
      120,
      120,
      120,
      120,
      120,
      120,
      120,
      120,
      120,
      120,
      120,
      120,
      120,
      120,
      120,
      120,
      120,
      120,
      120,
      120,
      120,
      120,
      120,
      120,
      120,
      120,
      120,
      120,
      120,
      120,
      120,
      120,
      120,
      120,
      120,
      120,
      120,
      120,
      120,
      120,
      120,
      120,
      120,
      120,
      120,
      120,
      120,
      120,
      120,
      120,
      120,
      120,
      120,
      120,
      120,
      85,
      120,
      120,
      120,
      120,
      120,
      120,
      120,
      120,
      120,
      120,
      120,
      120,
      120,
      120,
      120,
      120,
      120,
      120,
      120,
      120,
      120,
      120,
      120,
      120,
      120
    ]
  },
  "seer_surv_at_Tmax": 0.9916666666666667,
  "seer_hazard_point_per_round": 6.961364427427775e-05,
  "seer_hazard_poisson_ub95_per_round": 0.00033023668639053255,
  "seer_deaths": 1,
  "seer_at_risk": 14365
}